training_id,user_id,type
00c64ed702bf204beb1208224cafd8a14fe51d1d9684033f4cb32c831360b8a0,6718565d7063a43aed889d287bbc1813afbf2119eaa4cab580390520572e40f0,
02258687393f94100ef3a20c1bbbea3c30a01e79ddde6c6e5904ebf61b2b19eb,eda0b1a85c94ba628c44bdefff5cf6941afac025eeee8fb3ac617b78c0b18047,
0230cad3ae88a7d8ac4915366fb9e4e817e1f98bab5205327a91b36b01ce8fb3,db889e243e8ca58f3afe4066c705e2f4f67ce65becf34a7fcf0ed2a50418ed69,
02cf5e1635db0873d51840170f469dfb2dc731806f05a250309fa9aed1871dfa,3f9ab926430606667ec6c7b43dc21f90286d44379bfe74f9f53f1e1bd8fd94a8,
05d6ce94c401bfe4b89a2c2b13abce7817e5186cdc9525cdce4c865b751d5c6c,18988f7955b146b015d547d672a86e9223aafc657ceda025863ff9fdf541800f,
0685bf8622c01600293023b78a7bcbb31c511b76fdbb42863854c2da1a70c405,945a141cb05fa2d731807576c664864ead573e3a4143ddd8eefe93a7781ad44f,
06e31171ee3285128972c4ca8d9b314ecfb9dae41916341bbfffde746bbbbd8c,0638ef6493b8192ade0e0d8429306b7685fe1191cc6e1337fab13521922cf226,
06fc5c856141af48907adabf018f9dd612f10bbff5bc8065c9e6aee8059b800e,e52d6640dec874de5410c9d65edebd1294a5b21ad09205bc07075acccfcc77c3,
088805631b33b424a16b89708ac2f19c87d590c1e49f5478fa3bd11473593890,e559a455d11276bf48e793ad90d3367f0eb1da7768b760eb91910f4d10e3ab05,
08bcbcdb3f8cee84da3ea88de3105ddf2c4c7fd3eaacb2a7fcc888bc3e92737e,7a7ef9cec35753f3dda970cd6b5955e07e8889a00791cf8c863e6e9b966ecae0,
08d7c890bf7c7c1aa6188a2ce430a03a57e62f04ec66c611ee1840be3980b573,cdf16f3eb80dcb59e3169cb7e138695dc26baee36df5258c0dc04657c190368a,
09c5149d41762b168649befabd8a476dffd334dec9eeff21c4a109fc2a2227bc,c9346baa1b5b67424ab99c2aff4cbdb8cc18ac6c99414c3f737f1a97d77300f6,
0a0b5c611fc6090348f3203941d69478cccb73318b9b33d4d0010fa1482601e1,d0572031ee8fbb448f0ce9b6aae43b5f69001dfddaa1d56195e779af74d2c82b,
0be357a248758981f8fdca5d6db4e4e74e284fa3263b45e24899fbae566af936,466e34f3a4b376cf6b83309c872321cf34419fb848b1ceb4b62a906a89289be7,
0c11bbf231486532fa546d68908558d2844bd935cbce6b0019e8894f68dc05d4,64de340c14c989d38b59d3effaa49b7c4b14ef78a1d87b997442aaac5599c1ed,
0c86322a2dabe4c8d3aa7115958bd52dec1e4fede70b41ec77c809801f927636,db889e243e8ca58f3afe4066c705e2f4f67ce65becf34a7fcf0ed2a50418ed69,
0ceacdae3ed068f1b8c2c1cc0a9697f369e585f8c5fe6e39ca57781b9c497038,bd9bc84baa94d1c7cb43e0cc449b11cf4c445fa09934eb5ded5426456a448652,
0d40e37e7c8e70cb35624989cdc64836e69c166c6ba680943ffc3e4a3fb75f2c,dfb03ece8143e0108132b88dd6d6161dc06b64d2c2419b814df32ac5b95f992b,
11b31ad48a2f3c0e4c4ab85d6f29d5835b8cf377a2cd4003f004c33bdd3b5b43,f7d43e200372ece6f37e4935a6ba7649d4e795b51eb0ce5346a52d8222be87d0,
1369d261eff0aaa61e35e936c1669de736b23a6227782dea8fce286de74e9cb0,392982ec14f02a3bfcbbe431c5b5650e1554d6df6726a778013d5d94b223f9aa,
138dcb822cc3df4ea451a3e5b4c60024efc2bd1e79c77c2e5eba86f9dca488c5,a0b165b76071f3b6ee5881e541aaa86e63aa9e33372fab14bec0f4a809acbfa6,
14a85f0bd95b8a6c2421412512cd2c6a7e0a8515b1f84a07677877a81f2a7b4f,b4eed30197a01d2d80fb165bd90e21ebe54ec513216a8f03a3ed263d98f00f03,
153a09bb9ec67bb394590583f385d55ff43b1055c5e853b5752212ff52011f73,b2abbc2f4dc772978f1124c8122a4d09e11097fb28c24a235641b629a5c25401,
15943c0760725e7a6a5d3b3b88fba73736028cb5709c776a4c0212460f39843e,71d1e1d4a354ae09a32926e4ea1c1b46584bd91e83525eed8d06223b7670aa13,
15cf08f20fb994057fd45fd70a50d004ceef6d620deae96168d0d940ce04a5ec,25453b9924cc5669abde928b74feb1ca61b0f0a2178a272d90e5db75f3d582a0,
15d5d8bf68445279cca20cb5f76c0817fc4118b3397613110a3185eaa2ff2b1a,4066f060269c78cfcac71c7ad7db3c506ea8f36d9d28a59747d08e15096db6fa,
168a938881142b98a730ff1db8c44b86de293e736ca28dd276c59b67b5cf5936,124efbb5b266af8df5cdceb687a9a09cf946074d8201b1a20d27e1fd2484d0a1,
17a3c8cee110bab2727dd4c7cd675ba55af6c8f51ad8a6bdc3bec8fa23e81987,8a67189c846429231c649d3964b4b1a77e0ddff017325ea8597eb51ad9b3040c,
1882d408c84e94e1a304f3924540837106945dda33fb1cd6f1ba53312f082b33,b2abbc2f4dc772978f1124c8122a4d09e11097fb28c24a235641b629a5c25401,
18b1b71049258abcb3a0a8c1f6ea626587456ff86696dba64eae6666c3840840,0638ef6493b8192ade0e0d8429306b7685fe1191cc6e1337fab13521922cf226,
19bec74fde3dbd73990ae8a29b3cb8e1f3deae2a2997067258fd24df904b0efd,6698a23a9af70206918c6bac5bec6d1ebea86a4b1d1c3c3a3f8ff46d939f7e2e,
1c7b8d9907613598cb943dca89af28f729528c903e478b398c7805b825b46789,ae710c8c81974b836a4fd00e22a04637acb06a8ccde35db479f68d13095a7b67,
1ce6bec5118e8eca13ed55aca49c3e36936e1da15bb76e70bff5dc36a58982a6,71d1e1d4a354ae09a32926e4ea1c1b46584bd91e83525eed8d06223b7670aa13,
1e7a3510fe7b6c38c00a120ca242e9dd05fe3b8cbd534c89bbbd44a6a29dffcd,a503ebbca558aa0aee746b54b307b0e663217141e747defa2dab4a1b785ae1e2,
225bdd96948ac7edb15b3e51ecea4133150c1deb3d5f9a99428d9abf6361dd68,315ddfdbf714251b57a17a58bfcd13e1ce1ea54773c5ae36d3d7bc40a8bfd161,
236666deee8dce619eabe4bb12bf9c50ef2c848bd269b07ea7dd80a932371e38,3f9ab926430606667ec6c7b43dc21f90286d44379bfe74f9f53f1e1bd8fd94a8,
23ac6cb4a5b70d650846a08fed1dec18bc5386df62e1d6d9127281a5148795c1,18988f7955b146b015d547d672a86e9223aafc657ceda025863ff9fdf541800f,
241da13ccf96f8a2d2eb330c34f6cc13786dd088499f4f53a30f0cdf3a544fe4,818200db151b3a3ddada3c87de09b058d2cf15ea1d04f79cac26da530420f35d,
248e1e0169c633c28082459d22889afd29a5cca461cb8e024a7c76eb9273b6bd,b2abbc2f4dc772978f1124c8122a4d09e11097fb28c24a235641b629a5c25401,
24d3a69cbaccf5dff4427f0c924343260f86985e95848aae4456d5510630e0e8,71d1e1d4a354ae09a32926e4ea1c1b46584bd91e83525eed8d06223b7670aa13,
27750ba91d566968ae3725990bea58e5752478775f6e6f372c68a7c0fd598812,b648c7bc3e2a681ab574782bf5bda81a2a4c4523682dc2aabaa7eecdfe02785a,
2b6d095c31896ac7a25ee87a28af68a67322ecc205ab59489188dc9801e0b745,ef13603f8dc038ac5bae37fb66d178b7253681ef73676666b7e4c3b73e4db0fc,
311a95e109b470496666a13fbac47c0e82257a5753a586c0ebcde87d7e500fcb,75a7c8e504f1cc7fe057952f24585628b4d5bb6a257f883e71aec42d5e351299,
31bab796f45fc16746aa712967a597f34bdf8ae2c930fddfd4697fcfedd914e3,73a5012fced2532a19245feb91558c222da4cb10ad5aec71cb8937a8955674cf,
31cb65744514d5a7d7f0cdda5ac9caa10660f8a5b1b959f5b4a95e802be07c46,928c6a36c25b2001de79d64c625f305802745db47632d45f9d2aa662b5286035,
333aa479013b0e969ae0f6af6cd543bfd55294377ca18f02bb92dba1580ef5ab,004f85d580796b137c4112bf54ce190ad8fa8907082b5d9ba3015d3c9e462a21,
351da9aae6171bb9c19a5821123a8406c2c7359fac24bf3236277b4bba2e6e80,18988f7955b146b015d547d672a86e9223aafc657ceda025863ff9fdf541800f,
352672856e5a033b179da77d6f083734db0773c20f011e41b0f1f8484333c6b5,e7c83a40ebb3c6aee32ab6aa2d3e438a5b2bebf77125f258c6b137b2afbbb7b5,
36235592d22ae66325ad692febb836f9bd144ff82a9e922ab33831c35479a9a7,71d1e1d4a354ae09a32926e4ea1c1b46584bd91e83525eed8d06223b7670aa13,
36a9c24af885ba77765e1c0736a6e2fe1eb1471582fb5dbecb8a610e16336af3,59882fc507c509cef6948dca3d573e1c85becb5b20ab37f88da021343c4d99e3,
36c39af61a98f6a2893f6a14ddc0b5de2f7c704a4c0d69c50c97ebedecd987b4,a503ebbca558aa0aee746b54b307b0e663217141e747defa2dab4a1b785ae1e2,
37fa6ffad68db215afe1bd9e45babea6ffcd9c2570ca4704d87149a2edeba6bb,f7d43e200372ece6f37e4935a6ba7649d4e795b51eb0ce5346a52d8222be87d0,
382e589e3ef0d57f5a5f18d9bc29fb506f0a447e3c548fbfd3a67fc4e8c62c27,8a67189c846429231c649d3964b4b1a77e0ddff017325ea8597eb51ad9b3040c,
38a5d0ea70802e6a0e4ea881e9d7f3387b443c7a321da7537f4eb1c4a9ecb153,f99656b9e4c2f38ff59bbcbb1e98a4beafaa8777006145f92ffc2e3ff626a0f5,
399fa23d7231edc93b7511e5395ed4087a26d112627946aa0a01abc89eb84091,88fe08163c246943a965144cd4cd0903823f26bd3babcfd441296ecc76c33363,
3a7f5cb097ce2abbab0cd3128d1129377ff9bf3abc17a961b0bcfa4c65eaf228,96d43bb4d324660afd0a2ec7662e78cfb4c145b067c5e354262b2f7f840dfa8b,
3b462e2d776eeefcec2ae860119daf07c6c1586a502b1a5a7d81badea8e5cd9d,8eb37c58f64df6163716f94ddaaf7f7d7cf1a25a7f43a2566f269f6853965633,
3da6bb42608c3159ff0aacd0122df5df8aea71ba1aba69bf1178d7c83501cc2c,6152ae42734b3af69a9cbf87c57b97266e9b701ece77201c820494d8016f8d81,
3e88f3d2364b9abdf47463226854cc87e52b5bc005450f22037ddcefc5cc0220,32dd219d81551deead561b110948c01748d88a1d32a09842c1f1cdc0dc37a6a7,
3ebe29277e4a830c19825cbe5bf0d19bebc9271b0c4b6b8368c234c687c00d05,af92cafa2692a0d06b739cb1383bedb7e26480b7f81888a1b2716bd8a2cb21b2,
3ee8ddd38b15f1953ad17d285f45041e3eaf819b40d3f4998b74860a943dad91,4066f060269c78cfcac71c7ad7db3c506ea8f36d9d28a59747d08e15096db6fa,
3f50a7c585059a38be64ac248c4c2d44b019bcaf24f707d30f88218cd1873b3e,b4eed30197a01d2d80fb165bd90e21ebe54ec513216a8f03a3ed263d98f00f03,
3f54075d40f876bea6040191309d3bf6b4484dacc023a48df06283edaaeb6e03,82fda34af990f9a1ed665d71dbdae0066e2ca1b0016129b939ae05ff84692305,
3fff98babb17d8ad24053c383336023f63dc75133834360561c1f8e89ed17916,d1ee559559e3e0ba0c7d4876b00cdff6a8a791d064881584306a7545d514bff0,
414f738b98788b99f2800d894a6b0d3a917bf09db89ebd6e08a8f93a7460ca4a,64de340c14c989d38b59d3effaa49b7c4b14ef78a1d87b997442aaac5599c1ed,
41c25dc1f5c9b4da859821970100684e625c71404293da60dfc42898627e7b2a,73a5012fced2532a19245feb91558c222da4cb10ad5aec71cb8937a8955674cf,
42fb4c800cb49bcc700678790d9c53e50daf2c4dcba97e838b5067e8f3d08a25,b9c3a54f8d5837e88a86bdb47eee432218aa2530012afaca527b29e662e20cb6,
433459fcd284b2874ca5ff549b4d34b756f77732fa2bdac9a1291b5892eab2a9,22a5c2c9835ad43c2ea1d87e8ff04ea1f57d07f89f4c52302ecfa450c311005d,
4407b1a746883d01a7cc2efa3d7865587ee4fa17299e97ddb1293a8d734165e3,466e34f3a4b376cf6b83309c872321cf34419fb848b1ceb4b62a906a89289be7,
440aae117a560e071e43a84e6037903806e9b8e7d056b32a4e1409b8255ac381,db889e243e8ca58f3afe4066c705e2f4f67ce65becf34a7fcf0ed2a50418ed69,
44cb88287cb981c0cd766f5d15f2a9236e2680daa23cab41d318e17d7d44df8a,aa699c1b3d4f675fb24c8e81c0519da4634db81d17645f2eca9a6bcf2278547c,
46672458047f2d5d744a70dd065c0c1e7377a68996d8ec74a94869a0475d653e,71d1e1d4a354ae09a32926e4ea1c1b46584bd91e83525eed8d06223b7670aa13,
47d658e2c20c726ac9e3bdefe59c4e1cdee297d3047d2872d7108577c868645e,9d66a695be5733a394d01718c6c7eec719043832b0174127b92fd1dfbcdd3bc9,
483191aec5f6422d21387a90d263f3c407e8acff606f2ba29288eece6b446f35,b648c7bc3e2a681ab574782bf5bda81a2a4c4523682dc2aabaa7eecdfe02785a,
4ac38bd19779bb7bbcdb3956dd1bf26f9bebfafd35d2ce061d84f60324f67bc5,6168783525945aff1d2085c8566d35e44fb21520682ea7d4c39449053574a608,
4b04d1c1b58eb2b45a1474c1b886f9453634c9ccfecc090e313cd15ae09ae3ac,6a975659a3a10d4bb7d3908ecb1c2079a7e020532df61977a3b1459a8aa42974,
4cc458bf7690e3bb26a76912baaf783fb24f1d5059566b8f36fdbf20291ea8df,46464b2ca1bdf8ab6cc6d45ab8374d8bd96a96f51d87d017d0ecff115b53f33b,
4cd7198811d41487146fbcc9ff12860b50a10572cb71dea4611d62ff40be991c,6a975659a3a10d4bb7d3908ecb1c2079a7e020532df61977a3b1459a8aa42974,
4e89fa7ca7ef5f88f49f09dcd5960978024a3a2694109d3c61bcc4a98a5101cc,8eb37c58f64df6163716f94ddaaf7f7d7cf1a25a7f43a2566f269f6853965633,
4f06feb1f4dd389cc3823e550357a6e6266a6fb6abfb7f32c4bfceafdf496436,a503ebbca558aa0aee746b54b307b0e663217141e747defa2dab4a1b785ae1e2,
4f349c011dd8fddd9773d58d18fabc1ea9da992a363dca7c905226074a39eebe,919fa510e1a6c13ecccc05c36326057a263cdac29c8278912c614a971467c41f,
4fd26935a8434fb817cb5f50e6db0b9c0df769d0fba83cf56879cba7abc5b29a,32dd219d81551deead561b110948c01748d88a1d32a09842c1f1cdc0dc37a6a7,
52ae9fc20e3fb1b35952095166548c15531e7a498c50f46c57829c08504bcfe7,466e34f3a4b376cf6b83309c872321cf34419fb848b1ceb4b62a906a89289be7,
53a263abe5a6723eb68fdf9d0462ec52fab4145c62f5c95b2d47c1ab19fd2562,9a785ddb5a8c102d78eff1491de1b2a460b9bf872c8128c335e4cc49f43a6ed3,
546b41e2507fba3dd54b2c67c235670e5f2dd4614f61ed9f72a9802941262f26,818200db151b3a3ddada3c87de09b058d2cf15ea1d04f79cac26da530420f35d,
54982a6d964625d1856d3f5ffd112ca279867f35c65ffadd80968b7f4ce7cd6a,e7c83a40ebb3c6aee32ab6aa2d3e438a5b2bebf77125f258c6b137b2afbbb7b5,
55bbd19af23430ea7d127640aecfbcb1fe6e04ce6034039a1b0fbe031eab1da2,b9c3a54f8d5837e88a86bdb47eee432218aa2530012afaca527b29e662e20cb6,
56ac8f5a6548f669bbde10409da3efdf6b469cb557eef8f2a8ed735ceb1fe15a,b2abbc2f4dc772978f1124c8122a4d09e11097fb28c24a235641b629a5c25401,
57a0016917b47c14eeac4ffcdbd1c9a8e8b36072ea98d997e2f6e709a8be178d,945a141cb05fa2d731807576c664864ead573e3a4143ddd8eefe93a7781ad44f,
5993acf011c10d986078133e18b1df31c1add66a3d3f66a2eef8c7f872387bca,6718565d7063a43aed889d287bbc1813afbf2119eaa4cab580390520572e40f0,
5c154898b6b649af89c26c63b96ae9bf04d1e51a8055b0c0a45d8f77bb74dff7,64de340c14c989d38b59d3effaa49b7c4b14ef78a1d87b997442aaac5599c1ed,
5c5085aae62796a41f930c16afe4c6956948d44d0d541c715c5281a0b1d17393,466e34f3a4b376cf6b83309c872321cf34419fb848b1ceb4b62a906a89289be7,
5cb114442bcf4da5188a8eee2a6fb4f9d378f6e0a12f118e3e1bc511eb58fd81,6e09da335576eae795fc3e01435613510ca1d5ecaaea29324acbefaa7ef66c82,
5e94663c800eaca9c00659eef18ec1f7b0a7301b8cae6ba6b8229c931a9518e5,db889e243e8ca58f3afe4066c705e2f4f67ce65becf34a7fcf0ed2a50418ed69,
5f07aab61eb25806aa73e6c7f9fc802a3df2e25b846df07372bcf8f9d8ca306b,8a67189c846429231c649d3964b4b1a77e0ddff017325ea8597eb51ad9b3040c,
610fdbbfc95e883fb909db641387643e1ac6e5fba6cddc2a9ac6180d92f1df02,9d66a695be5733a394d01718c6c7eec719043832b0174127b92fd1dfbcdd3bc9,
616ce967cdedf7dc9f1b9fda135d61edc0367e38bb88be695e4e1e8714a66cb6,88fe08163c246943a965144cd4cd0903823f26bd3babcfd441296ecc76c33363,
61a7353027d02101f14a57dc41b1e18c845f19d290a0262e670d476563d3abbc,64de340c14c989d38b59d3effaa49b7c4b14ef78a1d87b997442aaac5599c1ed,
63d6b37e9a4ce89d59cb522c30a023241388197f1938cd52a08f68275f05e1be,0bf810737eec1cb812d83fb00a5f0a8239305448c3ff63ed1f0518031cbb9aa9,
63e02308f66029861f4fdd3e4a1f8f1a2a77572052d94e37b58c39d9078b87a1,3f9ab926430606667ec6c7b43dc21f90286d44379bfe74f9f53f1e1bd8fd94a8,
640311561b47804c02c01dcc44f3c834221fb921f61ec89c217715fc15ab00f1,73a5012fced2532a19245feb91558c222da4cb10ad5aec71cb8937a8955674cf,
64491a702f061598354f91515601a572ee3c51db4bd26932255ff89f26eda583,b648c7bc3e2a681ab574782bf5bda81a2a4c4523682dc2aabaa7eecdfe02785a,
64ca1806c92878bf862997dc4f78f4d4fc74f2250c444601b63d6ef230141b00,543c48cf1ea54d9597d20cb57601be8184b23266592f8de17710971c4cf81dec,
6539a4ac31db50e6fff5c728c8c489551e9ef9a37a07bc1b8055a9502931ef1d,9a2756ee44e8181ec312eda5de2e8629df1f7800c879735e03941ee838b71775,
653fa5eb08cdfdf00963418ea1e12e7cf2d160971f920a1ad0988dcc23c17416,e70ae1e49cc54412c526b6a66db673b6c3c3d1a8991ad4098e56d5b5b4290645,
6663719378ce597fbba754bc7ba0fb1e7c04a9f5d97bd17d6d9d74bddd88c81b,187331995a4a4d7255356b62d343832a2bc00a12c7069a6c3e41441ab56dbb23,
66a19aba2282e7254fd91e2f9b2b5c7cf1e32e933f85c4d41d5ff973928963f1,88fe08163c246943a965144cd4cd0903823f26bd3babcfd441296ecc76c33363,
67e8c92a3b297669407ba3b4fc5c855d754e037801683fece8a76dacaf839494,6e09da335576eae795fc3e01435613510ca1d5ecaaea29324acbefaa7ef66c82,
68af686fcb2edd5a8c7e49a202d468e730056e22aea955cdc5e338b79d850145,d1ee559559e3e0ba0c7d4876b00cdff6a8a791d064881584306a7545d514bff0,
6b465b5e43daf36bc04cc097f439738ad9fd2b2f70df0db47c0472fc9a259a57,96d43bb4d324660afd0a2ec7662e78cfb4c145b067c5e354262b2f7f840dfa8b,
6c8e525f0eca5ceaa32eb472e45742f10c228b24984851cbb3c4a5c52c991264,8eb37c58f64df6163716f94ddaaf7f7d7cf1a25a7f43a2566f269f6853965633,
6d5560a6d06034bfc27ad5efef2f845ce2f8cd7b230164c6261e7a0e7b8a82e7,b9c3a54f8d5837e88a86bdb47eee432218aa2530012afaca527b29e662e20cb6,
7039992a7faa56508e19cb38b294a8b917d4563675ce789a1ab2583a3641c01b,6168783525945aff1d2085c8566d35e44fb21520682ea7d4c39449053574a608,
7065a1192ba827eb2c82ee5f045a4822e1d79dd40a5cf158cfba44806d566556,0a02371d034be65ee27c2848670cf67f4e540aaad4d32ecb128410b38ef7114a,
706e48e2fa5c5d86bd89e0a91e500e34254d8b11481c102f03c7d4972d48f5f2,88fe08163c246943a965144cd4cd0903823f26bd3babcfd441296ecc76c33363,
7139174c657fff6b22931807b4619f7029523c2ac4c314100adf05a3e16b5497,466e34f3a4b376cf6b83309c872321cf34419fb848b1ceb4b62a906a89289be7,
74552f8f18e3d84d0fbc01fb09a4a1068b9901f931f4f32f7edbd22a2fbcd3db,ae710c8c81974b836a4fd00e22a04637acb06a8ccde35db479f68d13095a7b67,
748dda7dbd14eaa71ad18c0199588ac1dfcfa9cd7e17e7b63dc5a1e5a6de4f8a,734ca20585a318439382daabaa7d60d02fd09c48fa61d8038d7d29afbed7535c,
74a28c9db4ed9917428901efd428463fb2ed15119274aec76460c2e584931c98,e559a455d11276bf48e793ad90d3367f0eb1da7768b760eb91910f4d10e3ab05,
75a5a567ff3b48046e0d4450cb19b32343e309be567fa003dab46647c203620e,2c307aee118ba8c399b5347852bbb3b20af9d91a78a408ad98c7982607b51246,
778068f487b16060843a78dd11888adb5a7994437b92ed4b4da029a1b622cea6,a0b165b76071f3b6ee5881e541aaa86e63aa9e33372fab14bec0f4a809acbfa6,
78202ecba9997897af7355316e9d44cdfa9a7cedc3c747355e95db7bb012c6e1,8a220eeef15f0992a1b32375e6dc8720e3c1aa72e3e0b2ca8a65ffd09c03bb40,
79cc13fe20dd4f64a413e1d1c34bc6362a43a48040d100fde4402c06c7017e66,8e730619a55af81316925e98c75b356214682edc0b6ba743827afe3f013796eb,
79d660272aaf5b16ffcd0b47f05db1fac1275661ff850f8a7da3bd1641e7402f,f7d43e200372ece6f37e4935a6ba7649d4e795b51eb0ce5346a52d8222be87d0,
7aed2ca43a7b8e960ca0ff3a88fc495d9e081a4b4e0ecdd16712663e0e5cdbed,b648c7bc3e2a681ab574782bf5bda81a2a4c4523682dc2aabaa7eecdfe02785a,
7d2fd6917f50236024c92af3fcc23eaab1c8daa8fcc223bcb9869a5d50d5cae8,88fe08163c246943a965144cd4cd0903823f26bd3babcfd441296ecc76c33363,
7f50aafd49f32aececa3c1441091e787035369c6ab5fb37bdce59daf19584e69,818200db151b3a3ddada3c87de09b058d2cf15ea1d04f79cac26da530420f35d,
8131ffb2602d30fad98e09821d566b32ea275c578ada52f5d76d0797164b3fa1,36c97d45c2b0be77559f329c237342951ae2003826e619e14f22c051a44a07e9,
826880930ccf1b5371da4a18ef311481634aa193402d7cde34c7813e4b1f02f7,392982ec14f02a3bfcbbe431c5b5650e1554d6df6726a778013d5d94b223f9aa,
826e63d82c70650957f77c1a423f9f4c0ad31dbff5113a7b03a99d35bfb3e0e9,4066f060269c78cfcac71c7ad7db3c506ea8f36d9d28a59747d08e15096db6fa,
82f4581826526c1fbb2a2caf9ab9c98bb636adb5675661299775c400e075778e,6718565d7063a43aed889d287bbc1813afbf2119eaa4cab580390520572e40f0,
830707714afb6c583e41c558eacfb5f80082e678e1c0ab88598468a760dfe73d,466e34f3a4b376cf6b83309c872321cf34419fb848b1ceb4b62a906a89289be7,
8366000dff3365c631c5f1b003bd5acf4653269ce83d8eddbbfb209c35c01ff5,f7d43e200372ece6f37e4935a6ba7649d4e795b51eb0ce5346a52d8222be87d0,
83d1a616c3fd16e7bd6d4b1625fa1e26dc03c23755e8351b1eb609948b5788aa,9a785ddb5a8c102d78eff1491de1b2a460b9bf872c8128c335e4cc49f43a6ed3,
867fd45026a474e99b474d1b4e6ca7c84416a6d9aa1bcf1eeebfc140920868a8,6f809884704cfe290b668518e9b095180c8729eee67a3dddd9651e0f927efbd2,
87bc444e3784a2152be9eba87452bf7d10dd9fea1d2014c89265653a7a0fc118,82fda34af990f9a1ed665d71dbdae0066e2ca1b0016129b939ae05ff84692305,
89fb98e20df849be179e5f8592ee94358876a6128dfa4dfbcff184f906e7444b,0638ef6493b8192ade0e0d8429306b7685fe1191cc6e1337fab13521922cf226,
8c4241ecbbf5e9ba9860efb2f7cc3100dfefcce44de8365ba7d8bb2e3e39a331,82fda34af990f9a1ed665d71dbdae0066e2ca1b0016129b939ae05ff84692305,
8e84dc042d4a6cd151b382ac542e46e0abbb4fd41362caf0a8ba723e01a74564,9d66a695be5733a394d01718c6c7eec719043832b0174127b92fd1dfbcdd3bc9,
903d4f2c0ae3480d2ac29a40619ea3a3ad5a173692c52a488595f9f7fd048f3a,6698a23a9af70206918c6bac5bec6d1ebea86a4b1d1c3c3a3f8ff46d939f7e2e,
90f5ebad3248961dc07bf436b6fcad2bfe172aff67e578ed280b38057f360f0e,6493315a566fd7e832de2e6090a029b3167a94c7e963b2e974265ae87d343ec4,
9414448228a3baec8a1f400a5424024058de06e7522622732535aced20bad16b,71d1e1d4a354ae09a32926e4ea1c1b46584bd91e83525eed8d06223b7670aa13,
946c945cb219099c1cb952f89995d355fc2d2fef2f9dcac55708477e06671dab,3f9ab926430606667ec6c7b43dc21f90286d44379bfe74f9f53f1e1bd8fd94a8,
95e12cb0bd958be120b5bec73928f5231795749f37594404dacf423691d4be79,96d43bb4d324660afd0a2ec7662e78cfb4c145b067c5e354262b2f7f840dfa8b,
96198a58b4ee4fa72cfa3e5408392ddc4ea6015851f45342fd2a9b79a1b01da3,46464b2ca1bdf8ab6cc6d45ab8374d8bd96a96f51d87d017d0ecff115b53f33b,
9640c013f081c270250cdacfa5c29eb0a2d236d281482d183d6f8aa93c4aafda,2c307aee118ba8c399b5347852bbb3b20af9d91a78a408ad98c7982607b51246,
98809b0d72403a574ad2d70f58ef8fb08ecae544b9f4f8026dab55f2cab178c8,9a2756ee44e8181ec312eda5de2e8629df1f7800c879735e03941ee838b71775,
9aec94c070ad2dbe53c7b3514b354f639042a8ef21d836f775a9ef1931f80b8c,78f6eaed1fae22029c36159358d9aff32bfce084274399651a77c1f51e78fecf,
9b90d8d2f31b57e36a156d7d52667e0f37f1b194778e0e1c77235367cd67a756,cdf16f3eb80dcb59e3169cb7e138695dc26baee36df5258c0dc04657c190368a,
9c49448a728e7d072cc4941486cbd0ba6cc0711b8fc72406cfc077bccf13d34d,88fe08163c246943a965144cd4cd0903823f26bd3babcfd441296ecc76c33363,
9c6de2f2988dcd134fe8bf05aca63d3285feeb19840720de183248862f5b1b80,1eeda9c2084e603780410af30a5862d509a354d85b721a90dcb4997c79736240,
9d9c5ada6adfa869bed8d7d92fff7c03f6b57ae5acc413ca09e8bb67cbb54406,f206e82793f2c02f66e6846f39df8d865965ce94fbe395497ad85e836e3263d1,
9de2ddafc0a7aa168a9fc46857fd9018f5121fed8ec4a7789514d0f770365726,6718565d7063a43aed889d287bbc1813afbf2119eaa4cab580390520572e40f0,
9ee1d9974f37a6711998e0d3d16fa238d483838382a80b95a2800299e4c3da4a,cdf16f3eb80dcb59e3169cb7e138695dc26baee36df5258c0dc04657c190368a,
9f9fdb3feae1547b297b63a95df4e5ca3f6664ab18e1dd1c8577c9f9afead2c2,3b10abf1ba11131ce8944ceae1e637e60db18469dc03ce742f1ed128497ccc92,
a0b0280614d0eac4ea5e0945377e3c30361d05c5cd9c39083069244ff4b0a882,eda0b1a85c94ba628c44bdefff5cf6941afac025eeee8fb3ac617b78c0b18047,
a140169e94e6dfee3d7ebf149b7a00789409bd1019172d2b652564225fc5066a,6e09da335576eae795fc3e01435613510ca1d5ecaaea29324acbefaa7ef66c82,
a223f1d5347b5915293a7bcc75fab207fe21e54ce9b2fd25732d3d1ec49273df,28e7407ab91fef79d787cffdb7561c74a66923038d3a97afbb9355a1069ca139,
a25cc2a68b4e82831d9487c18c9b97fb6a599fd35d757a2b4dac786a1b7be6e9,6698a23a9af70206918c6bac5bec6d1ebea86a4b1d1c3c3a3f8ff46d939f7e2e,
a266fec886e4bccbd6e2a236c5e10d8b90f84833318b20d11b7599eb92d8aed3,595052a85685ca73707a6b42b9e9fca4b786f13bf01fa5fc054fb325801ebb3e,
a2ba577ae84d5ce761056692d92899ef6aca71168e62a821f4a43b2a1bc8f5b5,6698a23a9af70206918c6bac5bec6d1ebea86a4b1d1c3c3a3f8ff46d939f7e2e,
a33cf31b8e7e56575d12a7d23799e5190149c39a292f8f51cb505ae3d7d7ec36,466e34f3a4b376cf6b83309c872321cf34419fb848b1ceb4b62a906a89289be7,
a6518d2b9ff026e2c91eee8cebf14da16543797ba9f9eac00fabd69e5f7d4876,8eb37c58f64df6163716f94ddaaf7f7d7cf1a25a7f43a2566f269f6853965633,
a6fab2896066950868260e9240cac78d09d53f090fce7c6ec8ca8f39802ab5d8,e7c83a40ebb3c6aee32ab6aa2d3e438a5b2bebf77125f258c6b137b2afbbb7b5,
a7e67938d5ef50e9e361292bae7ecbebc8335d1abcd74b82b6b39b1b8874a583,ae710c8c81974b836a4fd00e22a04637acb06a8ccde35db479f68d13095a7b67,
a85da43a081657ca8ff15895fb0e9eda3361d75fed3404cc4ac66960fb91b9a9,1eeda9c2084e603780410af30a5862d509a354d85b721a90dcb4997c79736240,
abd0f5d2e5d73f857c3a95b528bf846ce535119d95f6b734414dd2e6228feaff,928c6a36c25b2001de79d64c625f305802745db47632d45f9d2aa662b5286035,
abecbb702e8239bd607fa28c612bccd49fe36c09f4d9868361d4d709ecfba897,101fe9a1cf14890d1d02bb95e725cbb64156a8d13a876f4ce7dfc58d48455493,
ac805217f99978b5a0ebae74575e885f562f5ab0125c1dfa2bed00fdcac65cd6,8e730619a55af81316925e98c75b356214682edc0b6ba743827afe3f013796eb,
ad1dc043632c22ef9f0d3d526061abf2e3436474f6b6d27e1341b935c3e97a30,25453b9924cc5669abde928b74feb1ca61b0f0a2178a272d90e5db75f3d582a0,
af251566c3983349cd83715c81fa76e3eaf390935bd8ea38a4d0c00e31aa2c98,6152ae42734b3af69a9cbf87c57b97266e9b701ece77201c820494d8016f8d81,
b0155aea572f4e2c1537cd4cfcda24226e676447ab6db14978775a3999e6124e,9f5cf88bd779f6a392447dae2466cdf29bf803654786cf60ae7c51af1be1ff5d,
b21ff4d50ad531266b2dea0b76fd5248d3c19468a71875f8efbe466d3ab80ec6,18988f7955b146b015d547d672a86e9223aafc657ceda025863ff9fdf541800f,
b4587c557bebf160cc0c20f0ddad61f8451c695b2771a11d118673be9c704ce7,7fe4e3884641d8581525349e2085f1cc0b1e0f0deddc1477e9f6c25a864721b9,
b50b362156d9e215918f7ed5de8d1507131d897d5cd3e0e374788a2f5ba5d6a8,8a67189c846429231c649d3964b4b1a77e0ddff017325ea8597eb51ad9b3040c,
b73e44ad175bc7c3603a6b6e7631890488999e89c9dc56039df41b3e10bfe291,bd9bc84baa94d1c7cb43e0cc449b11cf4c445fa09934eb5ded5426456a448652,
b7e5fc601f49363cc1f84f3ad50b9e9a16d72af6c60eaf00ced92a14b66f2a38,315ddfdbf714251b57a17a58bfcd13e1ce1ea54773c5ae36d3d7bc40a8bfd161,
b85baa587da1a8afc50bb59fd389d1bd6249eefe10245d785796172b9f39106f,88fe08163c246943a965144cd4cd0903823f26bd3babcfd441296ecc76c33363,
b8b615d7c4bc3cf22400915588a1ea63bcfafb3727114d9b33879485032f0408,818200db151b3a3ddada3c87de09b058d2cf15ea1d04f79cac26da530420f35d,
b8d5628f42e5f9c9adfa8e4d156b8192bcba104b876b966d1898cb2cb0926a2f,eda0b1a85c94ba628c44bdefff5cf6941afac025eeee8fb3ac617b78c0b18047,
bb658f82349eea10b015e1ddbdc2579ab5b5db35aa59c2b2fc7bb8a99382356e,0638ef6493b8192ade0e0d8429306b7685fe1191cc6e1337fab13521922cf226,
bd0433eebfad17749a045c39bc69415ee1fe9cb3c3ed9b5f74b266fa56582e6f,71d1e1d4a354ae09a32926e4ea1c1b46584bd91e83525eed8d06223b7670aa13,
bea1a3fda42887ce1eb3062483341c3b2f80e1029578d5e98cd1726b4c66e6a8,8a67189c846429231c649d3964b4b1a77e0ddff017325ea8597eb51ad9b3040c,
bebf4cee22f6675e0b6bcd49b83678c9d5bc3825a8e1280817ea8ac27518c4a9,ae710c8c81974b836a4fd00e22a04637acb06a8ccde35db479f68d13095a7b67,
bed87b1f7050fafa8626ff08471ca44d3eff8aa597daa0c99b8c5d37d44c17a8,818200db151b3a3ddada3c87de09b058d2cf15ea1d04f79cac26da530420f35d,
c0e9595e48aaaff46a731ff0766db0c032d62fc389d560e2d860ff3a464102e9,e4243546d781e0900f1bc0479d40c051fe40b160cfa88e4c48200149f8f04027,
c1c270fc85488b79555c2b8636d27d4214b1ef1f6338c650cc9a778d3ffc1280,46464b2ca1bdf8ab6cc6d45ab8374d8bd96a96f51d87d017d0ecff115b53f33b,
c2b01dd420a5d9664f856ca66ab81c993029d05a1a5c0cd20b892db36e9fc2de,f7d43e200372ece6f37e4935a6ba7649d4e795b51eb0ce5346a52d8222be87d0,
c2fe828c3273c6419727a2d4329df893cc6b714e8b4e1c6499edb965dde027a6,9a785ddb5a8c102d78eff1491de1b2a460b9bf872c8128c335e4cc49f43a6ed3,
c44b68d99e0bf7bbb679a9cbe06b00ed01b34360ca27ccb29227dcb9f2c78706,919fa510e1a6c13ecccc05c36326057a263cdac29c8278912c614a971467c41f,
c69476cb37087df16dce1e1d07e0822e83f757fd7256974d4855e8d3f03ad77d,82fda34af990f9a1ed665d71dbdae0066e2ca1b0016129b939ae05ff84692305,
c6d96cd341c885dba784f46cfe1b742c759dd962ec3e56b3624069cef8b715e3,82fda34af990f9a1ed665d71dbdae0066e2ca1b0016129b939ae05ff84692305,
c7158479cf1b4656a612ded8535854825db93870f189138951a3d13e286271d4,eda0b1a85c94ba628c44bdefff5cf6941afac025eeee8fb3ac617b78c0b18047,
ca0a77d34d0fd60453b7b1512b765451ededbce1d5b0097dfca80f2644189aaf,734ca20585a318439382daabaa7d60d02fd09c48fa61d8038d7d29afbed7535c,
ca7add1f9c04976062d352fb1de56e7710554b78e30d4a750c8255cb1094b0c2,22a5c2c9835ad43c2ea1d87e8ff04ea1f57d07f89f4c52302ecfa450c311005d,
cac39f65dca2258e7290140c1adcb1169b1e8658f737d716ef459c89465d2343,22a5c2c9835ad43c2ea1d87e8ff04ea1f57d07f89f4c52302ecfa450c311005d,
caca1a065f1b904ca324b7cf6a42c65a5c4ac59d207ffba4b7b314a940b385ec,18988f7955b146b015d547d672a86e9223aafc657ceda025863ff9fdf541800f,
cb64ae27980ea81b1f39d267541b4a7885f6b428d6a82e1b36ecffc3fb4825e2,f7d43e200372ece6f37e4935a6ba7649d4e795b51eb0ce5346a52d8222be87d0,
cc1ff6abb916793c21e3425859565732357cd8b1e383fd50eaf24b88ed6e4bdc,f7d43e200372ece6f37e4935a6ba7649d4e795b51eb0ce5346a52d8222be87d0,
cccb82dd677f33c399c6fbc1a969784211a649200c0878c86053d6efd4767afa,124efbb5b266af8df5cdceb687a9a09cf946074d8201b1a20d27e1fd2484d0a1,
cd027c7c054276e6825f63a6bd5688f7e5f14a88be8d7bbf8b2748fd8fcc4e64,28e7407ab91fef79d787cffdb7561c74a66923038d3a97afbb9355a1069ca139,
ceeaabd347227218181ad35585aeeb02440da7d99ad8f64521d1fd75ea3106ce,8e730619a55af81316925e98c75b356214682edc0b6ba743827afe3f013796eb,
d0cca7acc26cb6a1b78faa6b473cc3c4edb1e4e7ee57c723cccf3e1748def57a,466e34f3a4b376cf6b83309c872321cf34419fb848b1ceb4b62a906a89289be7,
d123ce9d47fa4837b76c35e9d2d2dd71ae406416a5768326009233f43826f31e,3f9ab926430606667ec6c7b43dc21f90286d44379bfe74f9f53f1e1bd8fd94a8,
d210c1f3553faa1830eaaa3bf691bccf79c6914e25778f9d3c6f114a4f02c010,f7d43e200372ece6f37e4935a6ba7649d4e795b51eb0ce5346a52d8222be87d0,
d261828566b600802a394d4d14eb451673d7d0fb9d20a01af27070d3fe95ee0a,96d43bb4d324660afd0a2ec7662e78cfb4c145b067c5e354262b2f7f840dfa8b,
d2c5a8ec5bbff720fb2bc377e2eba50e1b92091232cd7823c8e864c994eabdc2,9a2756ee44e8181ec312eda5de2e8629df1f7800c879735e03941ee838b71775,
d3369ebaf57d03e962cc53c3dd363cd0d1ff99e94cae36429cab8d8aeab155da,2c307aee118ba8c399b5347852bbb3b20af9d91a78a408ad98c7982607b51246,
d3e286131a09bf1fb20693c3121126ad644d736f276cff9f926c8c1bc2716c3b,36c97d45c2b0be77559f329c237342951ae2003826e619e14f22c051a44a07e9,
d4c7f3f5873689bfdb244d20d022b66eefffac35ad37d27ecdd0ec26e5524a9a,d1ee559559e3e0ba0c7d4876b00cdff6a8a791d064881584306a7545d514bff0,
d62e61eb41f3c29ab6df43c2354ec1334c91af970bb0cd298cedd6046295f050,abb9e7ae9dc0b3e22c25003a0b0a949eb734df5844aaa6d6aa8ef65834d19004,
d78d89ee1ccf442bee279bac811d1ccc193cdd83996832c4978dab79fa8bad62,73a5012fced2532a19245feb91558c222da4cb10ad5aec71cb8937a8955674cf,
d7ca2150c551a5a11db4a335fa86f048567fdbc0cc208b65dccb5409d3b0e394,71d1e1d4a354ae09a32926e4ea1c1b46584bd91e83525eed8d06223b7670aa13,
d86edf797aa008b32a5da386887d9e1faed814fc6d2694450cef2042fe60e109,fa76a05dc7ee6794fd088897dd2a838d9cb847dcc5ba1940893e5c1b372a845a,
d8a28fc7ad2de09684f800c9f1cf4df3d89d3371a0f3dad18ff08606393cc6ab,abb9e7ae9dc0b3e22c25003a0b0a949eb734df5844aaa6d6aa8ef65834d19004,
d9f2c643ad8cffecb263e6745446822a67c0f7811afe3c3ccfb19ea4596c63cf,124efbb5b266af8df5cdceb687a9a09cf946074d8201b1a20d27e1fd2484d0a1,
dbc45d6cc4724e7f41db5e74f418b236cafcfa0b1318850dc90560d150646221,818200db151b3a3ddada3c87de09b058d2cf15ea1d04f79cac26da530420f35d,
dc0ee1904e30858db83c46f8e683277cbf21b1bd6526cf941d0dc2a1f9f0eab3,d1ee559559e3e0ba0c7d4876b00cdff6a8a791d064881584306a7545d514bff0,
dcc93310b5a2c71891d9f61be953ba73671dc73aaf317f3e2679c363b32dad8a,32dd219d81551deead561b110948c01748d88a1d32a09842c1f1cdc0dc37a6a7,
dcc961c4bb993477d457943541ca40896dc92d946f2aefb13244d28342a558d1,595052a85685ca73707a6b42b9e9fca4b786f13bf01fa5fc054fb325801ebb3e,
dccb23721ecf7e158468a85d932e109b84ebabf9132a58ae042fd979d2b0c81a,595052a85685ca73707a6b42b9e9fca4b786f13bf01fa5fc054fb325801ebb3e,
e451ec5bdf888152885f06045b4dedf72aba46344df4f533d5b1774d32571bf6,6698a23a9af70206918c6bac5bec6d1ebea86a4b1d1c3c3a3f8ff46d939f7e2e,
e69519ae5fbd76108fdc1d23d57bfec5d58c3c4db82b1cc98ae57394f42e3a04,9a2756ee44e8181ec312eda5de2e8629df1f7800c879735e03941ee838b71775,
e786235af1582fa41cb9e4ddca1f9cd34bd9c1000717828dff93e517a9bf4373,88fe08163c246943a965144cd4cd0903823f26bd3babcfd441296ecc76c33363,
e8d124288723d40f2b28d1035f61664767862220748588b77480df45846bbe2e,18988f7955b146b015d547d672a86e9223aafc657ceda025863ff9fdf541800f,
e9ebfb7495f409ccb8b50facfd7896397dc2a643c00a460d0115e81c3fcd9aba,8e730619a55af81316925e98c75b356214682edc0b6ba743827afe3f013796eb,
ea64fd6be660e3391bc6351baa2151393fcc459b02ce7bf17396063f9cd82ec2,abb9e7ae9dc0b3e22c25003a0b0a949eb734df5844aaa6d6aa8ef65834d19004,
ee1b1b26e530f4bfa59fd87493ce4ad366741add9b5b16ec976d97fc2e5e4cdc,cf918745070f0e8342ddc243a5618d781ac920487d1cdd4b8b47f78dbcd32501,
ef98f27a8cbd6a1cc06f785e686d0f27c1656181d85a817a6dc33c724ed8ec84,6152ae42734b3af69a9cbf87c57b97266e9b701ece77201c820494d8016f8d81,
f1ce1f6dd7787b4fa6a5a0ea00aa64e8acc0f3b1b5a5ada0c2cb193f101c638f,4066f060269c78cfcac71c7ad7db3c506ea8f36d9d28a59747d08e15096db6fa,
f23ff3007ea3e154d3427c1004a8faf9767be692b249c2bfa3fc149540d3ec11,27abe6c3992cdceb07f6abd1d0dac93f68756e8aab2220ea7664f00b8e01cc15,
f2434108609746470bfd3e850c7906a274cb6619091df78e2c7b5329d30a5164,75a7c8e504f1cc7fe057952f24585628b4d5bb6a257f883e71aec42d5e351299,
f250cfb22c66a8388d20b9c5f8496d4a6b16affc3e0b522812df28dbacb1a201,543c48cf1ea54d9597d20cb57601be8184b23266592f8de17710971c4cf81dec,
f2887af2d2068c8cbb543063c6a3a68161a17a88cfad193964e2157cb48faef1,b2abbc2f4dc772978f1124c8122a4d09e11097fb28c24a235641b629a5c25401,
f3b5477504b6b16d7fa5d4faa03b0096da8416edaedfa16ece346b33663ad66c,b2abbc2f4dc772978f1124c8122a4d09e11097fb28c24a235641b629a5c25401,
f3d116bb1ca9d03fc6ac416ed01ceaca39211b97a2cb5f194bf3872aee11a6aa,59882fc507c509cef6948dca3d573e1c85becb5b20ab37f88da021343c4d99e3,
f4c4b3b6e9ae46e56f9827cdb31b429dd8a6bbc28d07bcfdeff8a828c6e5ab0f,e52d6640dec874de5410c9d65edebd1294a5b21ad09205bc07075acccfcc77c3,
f54206178f8b99ee88e26cd4084ce852e5f7a8a8cd3cc75fe34542ca730c52cb,6698a23a9af70206918c6bac5bec6d1ebea86a4b1d1c3c3a3f8ff46d939f7e2e,
f5c88c6723fb82cab85bfd022a31051c8754fe303a5ebae42c0e984ef7e801d2,d1ee559559e3e0ba0c7d4876b00cdff6a8a791d064881584306a7545d514bff0,
f65970f39a69c37150298c1ab7962b4ddb5fd11d4bd2488196eb32f267bfa26e,a503ebbca558aa0aee746b54b307b0e663217141e747defa2dab4a1b785ae1e2,
f819ccf2f0418bbfeb58778278c3d52b29d7c8746421451fc4c54bd31ec09c67,9f5cf88bd779f6a392447dae2466cdf29bf803654786cf60ae7c51af1be1ff5d,
f84b8b5e4798b5326281c3a4a4bfd83a58c507625b9a53dfdeaa934cc26110c4,6a975659a3a10d4bb7d3908ecb1c2079a7e020532df61977a3b1459a8aa42974,
f8727f56d424c9ed19f503aeb2937726a8239c1b0835b17785d73217736f345f,4066f060269c78cfcac71c7ad7db3c506ea8f36d9d28a59747d08e15096db6fa,
f88b8e86e433e4178a39af9997e64a7a6c04d4e44213890e29e1124dd629c761,f206e82793f2c02f66e6846f39df8d865965ce94fbe395497ad85e836e3263d1,
f953d83259e343b938792ffc3558af3c2071053cdeb73e344943c3db03b620f8,919fa510e1a6c13ecccc05c36326057a263cdac29c8278912c614a971467c41f,
f9e3b39eb14a30a76bccf40afba7e8e5034a409e9597a32dc5c05f94846bb7f5,f7d43e200372ece6f37e4935a6ba7649d4e795b51eb0ce5346a52d8222be87d0,
faade995b67a9766613301bdef63ebe28e7f94afe26a3c062bdb8435d94f79e6,4066f060269c78cfcac71c7ad7db3c506ea8f36d9d28a59747d08e15096db6fa,
faecd523f726ab5d4de51056443a20e8d92162aedd65f93b96d1790eb634b280,64de340c14c989d38b59d3effaa49b7c4b14ef78a1d87b997442aaac5599c1ed,
fc98b59aa5e94efdcd5f483db7c84407c2588994b96eafcee5c05e0127e6109d,b2abbc2f4dc772978f1124c8122a4d09e11097fb28c24a235641b629a5c25401,
fd4f93a00076e9a8fd7e7aecdb174801c710e0d028531e37396d1b48e07c9afd,db889e243e8ca58f3afe4066c705e2f4f67ce65becf34a7fcf0ed2a50418ed69,
